,user_id,age,gender,occupation,zip_code,年龄段,foo
0,1,24,M,technician,85711,青年,tec
1,2,53,F,other,94043,中年,oth
2,3,23,M,writer,32067,青年,wri
3,4,24,M,technician,43537,青年,tec
4,5,33,F,other,15213,中年,oth
5,6,42,M,executive,98101,中年,exe
6,7,57,M,administrator,91344,老年,adm
7,8,36,M,administrator,05201,中年,adm
8,9,29,M,student,01002,青年,stu
9,10,53,M,lawyer,90703,中年,law
10,11,39,F,other,30329,中年,oth
11,12,28,F,other,06405,青年,oth
12,13,47,M,educator,29206,中年,edu
13,14,45,M,scientist,55106,中年,sci
14,15,49,F,educator,97301,中年,edu
15,16,21,M,entertainment,10309,青年,ent
16,17,30,M,programmer,06355,中年,pro
17,18,35,F,other,37212,中年,oth
18,19,40,M,librarian,02138,中年,lib
19,20,42,F,homemaker,95660,中年,hom
20,21,26,M,writer,30068,青年,wri
21,22,25,M,writer,40206,青年,wri
22,23,30,F,artist,48197,中年,art
23,24,21,F,artist,94533,青年,art
24,25,39,M,engineer,55107,中年,eng
25,26,49,M,engineer,21044,中年,eng
26,27,40,F,librarian,30030,中年,lib
27,28,32,M,writer,55369,中年,wri
28,29,41,M,programmer,94043,中年,pro
29,30,7,M,student,55436,儿童,stu
30,31,24,M,artist,10003,青年,art
31,32,28,F,student,78741,青年,stu
32,33,23,M,student,27510,青年,stu
33,34,38,F,administrator,42141,中年,adm
34,35,20,F,homemaker,42459,青年,hom
35,36,19,F,student,93117,青年,stu
36,37,23,M,student,55105,青年,stu
37,38,28,F,other,54467,青年,oth
38,39,41,M,entertainment,01040,中年,ent
39,40,38,M,scientist,27514,中年,sci
40,41,33,M,engineer,80525,中年,eng
41,42,30,M,administrator,17870,中年,adm
42,43,29,F,librarian,20854,青年,lib
43,44,26,M,technician,46260,青年,tec
44,45,29,M,programmer,50233,青年,pro
45,46,27,F,marketing,46538,青年,mar
46,47,53,M,marketing,07102,中年,mar
47,48,45,M,administrator,12550,中年,adm
48,49,23,F,student,76111,青年,stu
49,50,21,M,writer,52245,青年,wri
50,51,28,M,educator,16509,青年,edu
51,52,18,F,student,55105,青年,stu
52,53,26,M,programmer,55414,青年,pro
53,54,22,M,executive,66315,青年,exe
54,55,37,M,programmer,01331,中年,pro
55,56,25,M,librarian,46260,青年,lib
56,57,16,M,none,84010,青年,non
57,58,27,M,programmer,52246,青年,pro
58,59,49,M,educator,08403,中年,edu
59,60,50,M,healthcare,06472,中年,hea
60,61,36,M,engineer,30040,中年,eng
61,62,27,F,administrator,97214,青年,adm
62,63,31,M,marketing,75240,中年,mar
63,64,32,M,educator,43202,中年,edu
64,65,51,F,educator,48118,中年,edu
65,66,23,M,student,80521,青年,stu
66,67,17,M,student,60402,青年,stu
67,68,19,M,student,22904,青年,stu
68,69,24,M,engineer,55337,青年,eng
69,70,27,M,engineer,60067,青年,eng
70,71,39,M,scientist,98034,中年,sci
71,72,48,F,administrator,73034,中年,adm
72,73,24,M,student,41850,青年,stu
73,74,39,M,scientist,T8H1N,中年,sci
74,75,24,M,entertainment,08816,青年,ent
75,76,20,M,student,02215,青年,stu
76,77,30,M,technician,29379,中年,tec
77,78,26,M,administrator,61801,青年,adm
78,79,39,F,administrator,03755,中年,adm
79,80,34,F,administrator,52241,中年,adm
80,81,21,M,student,21218,青年,stu
81,82,50,M,programmer,22902,中年,pro
82,83,40,M,other,44133,中年,oth
83,84,32,M,executive,55369,中年,exe
84,85,51,M,educator,20003,中年,edu
85,86,26,M,administrator,46005,青年,adm
86,87,47,M,administrator,89503,中年,adm
87,88,49,F,librarian,11701,中年,lib
88,89,43,F,administrator,68106,中年,adm
89,90,60,M,educator,78155,老年,edu
90,91,55,M,marketing,01913,老年,mar
91,92,32,M,entertainment,80525,中年,ent
92,93,48,M,executive,23112,中年,exe
93,94,26,M,student,71457,青年,stu
94,95,31,M,administrator,10707,中年,adm
95,96,25,F,artist,75206,青年,art
96,97,43,M,artist,98006,中年,art
97,98,49,F,executive,90291,中年,exe
98,99,20,M,student,63129,青年,stu
99,100,36,M,executive,90254,中年,exe
100,101,15,M,student,05146,青年,stu
101,102,38,M,programmer,30220,中年,pro
102,103,26,M,student,55108,青年,stu
103,104,27,M,student,55108,青年,stu
104,105,24,M,engineer,94043,青年,eng
105,106,61,M,retired,55125,老年,ret
106,107,39,M,scientist,60466,中年,sci
107,108,44,M,educator,63130,中年,edu
108,109,29,M,other,55423,青年,oth
109,110,19,M,student,77840,青年,stu
110,111,57,M,engineer,90630,老年,eng
111,112,30,M,salesman,60613,中年,sal
112,113,47,M,executive,95032,中年,exe
113,114,27,M,programmer,75013,青年,pro
114,115,31,M,engineer,17110,中年,eng
115,116,40,M,healthcare,97232,中年,hea
116,117,20,M,student,16125,青年,stu
117,118,21,M,administrator,90210,青年,adm
118,119,32,M,programmer,67401,中年,pro
119,120,47,F,other,06260,中年,oth
120,121,54,M,librarian,99603,中年,lib
121,122,32,F,writer,22206,中年,wri
122,123,48,F,artist,20008,中年,art
123,124,34,M,student,60615,中年,stu
124,125,30,M,lawyer,22202,中年,law
125,126,28,F,lawyer,20015,青年,law
126,127,33,M,none,73439,中年,non
127,128,24,F,marketing,20009,青年,mar
128,129,36,F,marketing,07039,中年,mar
129,130,20,M,none,60115,青年,non
130,131,59,F,administrator,15237,老年,adm
131,132,24,M,other,94612,青年,oth
132,133,53,M,engineer,78602,中年,eng
133,134,31,M,programmer,80236,中年,pro
134,135,23,M,student,38401,青年,stu
135,136,51,M,other,97365,中年,oth
136,137,50,M,educator,84408,中年,edu
137,138,46,M,doctor,53211,中年,doc
138,139,20,M,student,08904,青年,stu
139,140,30,F,student,32250,中年,stu
140,141,49,M,programmer,36117,中年,pro
141,142,13,M,other,48118,青少年,oth
142,143,42,M,technician,08832,中年,tec
143,144,53,M,programmer,20910,中年,pro
144,145,31,M,entertainment,V3N4P,中年,ent
145,146,45,M,artist,83814,中年,art
146,147,40,F,librarian,02143,中年,lib
147,148,33,M,engineer,97006,中年,eng
148,149,35,F,marketing,17325,中年,mar
149,150,20,F,artist,02139,青年,art
150,151,38,F,administrator,48103,中年,adm
151,152,33,F,educator,68767,中年,edu
152,153,25,M,student,60641,青年,stu
153,154,25,M,student,53703,青年,stu
154,155,32,F,other,11217,中年,oth
155,156,25,M,educator,08360,青年,edu
156,157,57,M,engineer,70808,老年,eng
157,158,50,M,educator,27606,中年,edu
158,159,23,F,student,55346,青年,stu
159,160,27,M,programmer,66215,青年,pro
160,161,50,M,lawyer,55104,中年,law
161,162,25,M,artist,15610,青年,art
162,163,49,M,administrator,97212,中年,adm
163,164,47,M,healthcare,80123,中年,hea
164,165,20,F,other,53715,青年,oth
165,166,47,M,educator,55113,中年,edu
166,167,37,M,other,L9G2B,中年,oth
167,168,48,M,other,80127,中年,oth
168,169,52,F,other,53705,中年,oth
169,170,53,F,healthcare,30067,中年,hea
170,171,48,F,educator,78750,中年,edu
171,172,55,M,marketing,22207,老年,mar
172,173,56,M,other,22306,老年,oth
173,174,30,F,administrator,52302,中年,adm
174,175,26,F,scientist,21911,青年,sci
175,176,28,M,scientist,07030,青年,sci
176,177,20,M,programmer,19104,青年,pro
177,178,26,M,other,49512,青年,oth
178,179,15,M,entertainment,20755,青年,ent
179,180,22,F,administrator,60202,青年,adm
180,181,26,M,executive,21218,青年,exe
181,182,36,M,programmer,33884,中年,pro
182,183,33,M,scientist,27708,中年,sci
183,184,37,M,librarian,76013,中年,lib
184,185,53,F,librarian,97403,中年,lib
185,186,39,F,executive,00000,中年,exe
186,187,26,M,educator,16801,青年,edu
187,188,42,M,student,29440,中年,stu
188,189,32,M,artist,95014,中年,art
189,190,30,M,administrator,95938,中年,adm
190,191,33,M,administrator,95161,中年,adm
191,192,42,M,educator,90840,中年,edu
192,193,29,M,student,49931,青年,stu
193,194,38,M,administrator,02154,中年,adm
194,195,42,M,scientist,93555,中年,sci
195,196,49,M,writer,55105,中年,wri
196,197,55,M,technician,75094,老年,tec
197,198,21,F,student,55414,青年,stu
198,199,30,M,writer,17604,中年,wri
199,200,40,M,programmer,93402,中年,pro
200,201,27,M,writer,E2A4H,青年,wri
201,202,41,F,educator,60201,中年,edu
202,203,25,F,student,32301,青年,stu
203,204,52,F,librarian,10960,中年,lib
204,205,47,M,lawyer,06371,中年,law
205,206,14,F,student,53115,青年,stu
206,207,39,M,marketing,92037,中年,mar
207,208,43,M,engineer,01720,中年,eng
208,209,33,F,educator,85710,中年,edu
209,210,39,M,engineer,03060,中年,eng
210,211,66,M,salesman,32605,老年,sal
211,212,49,F,educator,61401,中年,edu
212,213,33,M,executive,55345,中年,exe
213,214,26,F,librarian,11231,青年,lib
214,215,35,M,programmer,63033,中年,pro
215,216,22,M,engineer,02215,青年,eng
216,217,22,M,other,11727,青年,oth
217,218,37,M,administrator,06513,中年,adm
218,219,32,M,programmer,43212,中年,pro
219,220,30,M,librarian,78205,中年,lib
220,221,19,M,student,20685,青年,stu
221,222,29,M,programmer,27502,青年,pro
222,223,19,F,student,47906,青年,stu
223,224,31,F,educator,43512,中年,edu
224,225,51,F,administrator,58202,中年,adm
225,226,28,M,student,92103,青年,stu
226,227,46,M,executive,60659,中年,exe
227,228,21,F,student,22003,青年,stu
228,229,29,F,librarian,22903,青年,lib
229,230,28,F,student,14476,青年,stu
230,231,48,M,librarian,01080,中年,lib
231,232,45,M,scientist,99709,中年,sci
232,233,38,M,engineer,98682,中年,eng
233,234,60,M,retired,94702,老年,ret
234,235,37,M,educator,22973,中年,edu
235,236,44,F,writer,53214,中年,wri
236,237,49,M,administrator,63146,中年,adm
237,238,42,F,administrator,44124,中年,adm
238,239,39,M,artist,95628,中年,art
239,240,23,F,educator,20784,青年,edu
240,241,26,F,student,20001,青年,stu
241,242,33,M,educator,31404,中年,edu
242,243,33,M,educator,60201,中年,edu
243,244,28,M,technician,80525,青年,tec
244,245,22,M,student,55109,青年,stu
245,246,19,M,student,28734,青年,stu
246,247,28,M,engineer,20770,青年,eng
247,248,25,M,student,37235,青年,stu
248,249,25,M,student,84103,青年,stu
249,250,29,M,executive,95110,青年,exe
250,251,28,M,doctor,85032,青年,doc
251,252,42,M,engineer,07733,中年,eng
252,253,26,F,librarian,22903,青年,lib
253,254,44,M,educator,42647,中年,edu
254,255,23,M,entertainment,07029,青年,ent
255,256,35,F,none,39042,中年,non
256,257,17,M,student,77005,青年,stu
257,258,19,F,student,77801,青年,stu
258,259,21,M,student,48823,青年,stu
259,260,40,F,artist,89801,中年,art
260,261,28,M,administrator,85202,青年,adm
261,262,19,F,student,78264,青年,stu
262,263,41,M,programmer,55346,中年,pro
263,264,36,F,writer,90064,中年,wri
264,265,26,M,executive,84601,青年,exe
265,266,62,F,administrator,78756,老年,adm
266,267,23,M,engineer,83716,青年,eng
267,268,24,M,engineer,19422,青年,eng
268,269,31,F,librarian,43201,中年,lib
269,270,18,F,student,63119,青年,stu
270,271,51,M,engineer,22932,中年,eng
271,272,33,M,scientist,53706,中年,sci
272,273,50,F,other,10016,中年,oth
273,274,20,F,student,55414,青年,stu
274,275,38,M,engineer,92064,中年,eng
275,276,21,M,student,95064,青年,stu
276,277,35,F,administrator,55406,中年,adm
277,278,37,F,librarian,30033,中年,lib
278,279,33,M,programmer,85251,中年,pro
279,280,30,F,librarian,22903,中年,lib
280,281,15,F,student,06059,青年,stu
281,282,22,M,administrator,20057,青年,adm
282,283,28,M,programmer,55305,青年,pro
283,284,40,M,executive,92629,中年,exe
284,285,25,M,programmer,53713,青年,pro
285,286,27,M,student,15217,青年,stu
286,287,21,M,salesman,31211,青年,sal
287,288,34,M,marketing,23226,中年,mar
288,289,11,M,none,94619,青少年,non
289,290,40,M,engineer,93550,中年,eng
290,291,19,M,student,44106,青年,stu
291,292,35,F,programmer,94703,中年,pro
292,293,24,M,writer,60804,青年,wri
293,294,34,M,technician,92110,中年,tec
294,295,31,M,educator,50325,中年,edu
295,296,43,F,administrator,16803,中年,adm
296,297,29,F,educator,98103,青年,edu
297,298,44,M,executive,01581,中年,exe
298,299,29,M,doctor,63108,青年,doc
299,300,26,F,programmer,55106,青年,pro
300,301,24,M,student,55439,青年,stu
301,302,42,M,educator,77904,中年,edu
302,303,19,M,student,14853,青年,stu
303,304,22,F,student,71701,青年,stu
304,305,23,M,programmer,94086,青年,pro
305,306,45,M,other,73132,中年,oth
306,307,25,M,student,55454,青年,stu
307,308,60,M,retired,95076,老年,ret
308,309,40,M,scientist,70802,中年,sci
309,310,37,M,educator,91711,中年,edu
310,311,32,M,technician,73071,中年,tec
311,312,48,M,other,02110,中年,oth
312,313,41,M,marketing,60035,中年,mar
313,314,20,F,student,08043,青年,stu
314,315,31,M,educator,18301,中年,edu
315,316,43,F,other,77009,中年,oth
316,317,22,M,administrator,13210,青年,adm
317,318,65,M,retired,06518,老年,ret
318,319,38,M,programmer,22030,中年,pro
319,320,19,M,student,24060,青年,stu
320,321,49,F,educator,55413,中年,edu
321,322,20,M,student,50613,青年,stu
322,323,21,M,student,19149,青年,stu
323,324,21,F,student,02176,青年,stu
324,325,48,M,technician,02139,中年,tec
325,326,41,M,administrator,15235,中年,adm
326,327,22,M,student,11101,青年,stu
327,328,51,M,administrator,06779,中年,adm
328,329,48,M,educator,01720,中年,edu
329,330,35,F,educator,33884,中年,edu
330,331,33,M,entertainment,91344,中年,ent
331,332,20,M,student,40504,青年,stu
332,333,47,M,other,V0R2M,中年,oth
333,334,32,M,librarian,30002,中年,lib
334,335,45,M,executive,33775,中年,exe
335,336,23,M,salesman,42101,青年,sal
336,337,37,M,scientist,10522,中年,sci
337,338,39,F,librarian,59717,中年,lib
338,339,35,M,lawyer,37901,中年,law
339,340,46,M,engineer,80123,中年,eng
340,341,17,F,student,44405,青年,stu
341,342,25,F,other,98006,青年,oth
342,343,43,M,engineer,30093,中年,eng
343,344,30,F,librarian,94117,中年,lib
344,345,28,F,librarian,94143,青年,lib
345,346,34,M,other,76059,中年,oth
346,347,18,M,student,90210,青年,stu
347,348,24,F,student,45660,青年,stu
348,349,68,M,retired,61455,老年,ret
349,350,32,M,student,97301,中年,stu
350,351,61,M,educator,49938,老年,edu
351,352,37,F,programmer,55105,中年,pro
352,353,25,M,scientist,28480,青年,sci
353,354,29,F,librarian,48197,青年,lib
354,355,25,M,student,60135,青年,stu
355,356,32,F,homemaker,92688,中年,hom
356,357,26,M,executive,98133,青年,exe
357,358,40,M,educator,10022,中年,edu
358,359,22,M,student,61801,青年,stu
359,360,51,M,other,98027,中年,oth
360,361,22,M,student,44074,青年,stu
361,362,35,F,homemaker,85233,中年,hom
362,363,20,M,student,87501,青年,stu
363,364,63,M,engineer,01810,老年,eng
364,365,29,M,lawyer,20009,青年,law
365,366,20,F,student,50670,青年,stu
366,367,17,M,student,37411,青年,stu
367,368,18,M,student,92113,青年,stu
368,369,24,M,student,91335,青年,stu
369,370,52,M,writer,08534,中年,wri
370,371,36,M,engineer,99206,中年,eng
371,372,25,F,student,66046,青年,stu
372,373,24,F,other,55116,青年,oth
373,374,36,M,executive,78746,中年,exe
374,375,17,M,entertainment,37777,青年,ent
375,376,28,F,other,10010,青年,oth
376,377,22,M,student,18015,青年,stu
377,378,35,M,student,02859,中年,stu
378,379,44,M,programmer,98117,中年,pro
379,380,32,M,engineer,55117,中年,eng
380,381,33,M,artist,94608,中年,art
381,382,45,M,engineer,01824,中年,eng
382,383,42,M,administrator,75204,中年,adm
383,384,52,M,programmer,45218,中年,pro
384,385,36,M,writer,10003,中年,wri
385,386,36,M,salesman,43221,中年,sal
386,387,33,M,entertainment,37412,中年,ent
387,388,31,M,other,36106,中年,oth
388,389,44,F,writer,83702,中年,wri
389,390,42,F,writer,85016,中年,wri
390,391,23,M,student,84604,青年,stu
391,392,52,M,writer,59801,中年,wri
392,393,19,M,student,83686,青年,stu
393,394,25,M,administrator,96819,青年,adm
394,395,43,M,other,44092,中年,oth
395,396,57,M,engineer,94551,老年,eng
396,397,17,M,student,27514,青年,stu
397,398,40,M,other,60008,中年,oth
398,399,25,M,other,92374,青年,oth
399,400,33,F,administrator,78213,中年,adm
400,401,46,F,healthcare,84107,中年,hea
401,402,30,M,engineer,95129,中年,eng
402,403,37,M,other,06811,中年,oth
403,404,29,F,programmer,55108,青年,pro
404,405,22,F,healthcare,10019,青年,hea
405,406,52,M,educator,93109,中年,edu
406,407,29,M,engineer,03261,青年,eng
407,408,23,M,student,61755,青年,stu
408,409,48,M,administrator,98225,中年,adm
409,410,30,F,artist,94025,中年,art
410,411,34,M,educator,44691,中年,edu
411,412,25,M,educator,15222,青年,edu
412,413,55,M,educator,78212,老年,edu
413,414,24,M,programmer,38115,青年,pro
414,415,39,M,educator,85711,中年,edu
415,416,20,F,student,92626,青年,stu
416,417,27,F,other,48103,青年,oth
417,418,55,F,none,21206,老年,non
418,419,37,M,lawyer,43215,中年,law
419,420,53,M,educator,02140,中年,edu
420,421,38,F,programmer,55105,中年,pro
421,422,26,M,entertainment,94533,青年,ent
422,423,64,M,other,91606,老年,oth
423,424,36,F,marketing,55422,中年,mar
424,425,19,M,student,58644,青年,stu
425,426,55,M,educator,01602,老年,edu
426,427,51,M,doctor,85258,中年,doc
427,428,28,M,student,55414,青年,stu
428,429,27,M,student,29205,青年,stu
429,430,38,M,scientist,98199,中年,sci
430,431,24,M,marketing,92629,青年,mar
431,432,22,M,entertainment,50311,青年,ent
432,433,27,M,artist,11211,青年,art
433,434,16,F,student,49705,青年,stu
434,435,24,M,engineer,60007,青年,eng
435,436,30,F,administrator,17345,中年,adm
436,437,27,F,other,20009,青年,oth
437,438,51,F,administrator,43204,中年,adm
438,439,23,F,administrator,20817,青年,adm
439,440,30,M,other,48076,中年,oth
440,441,50,M,technician,55013,中年,tec
441,442,22,M,student,85282,青年,stu
442,443,35,M,salesman,33308,中年,sal
443,444,51,F,lawyer,53202,中年,law
444,445,21,M,writer,92653,青年,wri
445,446,57,M,educator,60201,老年,edu
446,447,30,M,administrator,55113,中年,adm
447,448,23,M,entertainment,10021,青年,ent
448,449,23,M,librarian,55021,青年,lib
449,450,35,F,educator,11758,中年,edu
450,451,16,M,student,48446,青年,stu
451,452,35,M,administrator,28018,中年,adm
452,453,18,M,student,06333,青年,stu
453,454,57,M,other,97330,老年,oth
454,455,48,M,administrator,83709,中年,adm
455,456,24,M,technician,31820,青年,tec
456,457,33,F,salesman,30011,中年,sal
457,458,47,M,technician,Y1A6B,中年,tec
458,459,22,M,student,29201,青年,stu
459,460,44,F,other,60630,中年,oth
460,461,15,M,student,98102,青年,stu
461,462,19,F,student,02918,青年,stu
462,463,48,F,healthcare,75218,中年,hea
463,464,60,M,writer,94583,老年,wri
464,465,32,M,other,05001,中年,oth
465,466,22,M,student,90804,青年,stu
466,467,29,M,engineer,91201,青年,eng
467,468,28,M,engineer,02341,青年,eng
468,469,60,M,educator,78628,老年,edu
469,470,24,M,programmer,10021,青年,pro
470,471,10,M,student,77459,青少年,stu
471,472,24,M,student,87544,青年,stu
472,473,29,M,student,94708,青年,stu
473,474,51,M,executive,93711,中年,exe
474,475,30,M,programmer,75230,中年,pro
475,476,28,M,student,60440,青年,stu
476,477,23,F,student,02125,青年,stu
477,478,29,M,other,10019,青年,oth
478,479,30,M,educator,55409,中年,edu
479,480,57,M,retired,98257,老年,ret
480,481,73,M,retired,37771,老年,ret
481,482,18,F,student,40256,青年,stu
482,483,29,M,scientist,43212,青年,sci
483,484,27,M,student,21208,青年,stu
484,485,44,F,educator,95821,中年,edu
485,486,39,M,educator,93101,中年,edu
486,487,22,M,engineer,92121,青年,eng
487,488,48,M,technician,21012,中年,tec
488,489,55,M,other,45218,老年,oth
489,490,29,F,artist,V5A2B,青年,art
490,491,43,F,writer,53711,中年,wri
491,492,57,M,educator,94618,老年,edu
492,493,22,M,engineer,60090,青年,eng
493,494,38,F,administrator,49428,中年,adm
494,495,29,M,engineer,03052,青年,eng
495,496,21,F,student,55414,青年,stu
496,497,20,M,student,50112,青年,stu
497,498,26,M,writer,55408,青年,wri
498,499,42,M,programmer,75006,中年,pro
499,500,28,M,administrator,94305,青年,adm
500,501,22,M,student,10025,青年,stu
501,502,22,M,student,23092,青年,stu
502,503,50,F,writer,27514,中年,wri
503,504,40,F,writer,92115,中年,wri
504,505,27,F,other,20657,青年,oth
505,506,46,M,programmer,03869,中年,pro
506,507,18,F,writer,28450,青年,wri
507,508,27,M,marketing,19382,青年,mar
508,509,23,M,administrator,10011,青年,adm
509,510,34,M,other,98038,中年,oth
510,511,22,M,student,21250,青年,stu
511,512,29,M,other,20090,青年,oth
512,513,43,M,administrator,26241,中年,adm
513,514,27,M,programmer,20707,青年,pro
514,515,53,M,marketing,49508,中年,mar
515,516,53,F,librarian,10021,中年,lib
516,517,24,M,student,55454,青年,stu
517,518,49,F,writer,99709,中年,wri
518,519,22,M,other,55320,青年,oth
519,520,62,M,healthcare,12603,老年,hea
520,521,19,M,student,02146,青年,stu
521,522,36,M,engineer,55443,中年,eng
522,523,50,F,administrator,04102,中年,adm
523,524,56,M,educator,02159,老年,edu
524,525,27,F,administrator,19711,青年,adm
525,526,30,M,marketing,97124,中年,mar
526,527,33,M,librarian,12180,中年,lib
527,528,18,M,student,55104,青年,stu
528,529,47,F,administrator,44224,中年,adm
529,530,29,M,engineer,94040,青年,eng
530,531,30,F,salesman,97408,中年,sal
531,532,20,M,student,92705,青年,stu
532,533,43,M,librarian,02324,中年,lib
533,534,20,M,student,05464,青年,stu
534,535,45,F,educator,80302,中年,edu
535,536,38,M,engineer,30078,中年,eng
536,537,36,M,engineer,22902,中年,eng
537,538,31,M,scientist,21010,中年,sci
538,539,53,F,administrator,80303,中年,adm
539,540,28,M,engineer,91201,青年,eng
540,541,19,F,student,84302,青年,stu
541,542,21,M,student,60515,青年,stu
542,543,33,M,scientist,95123,中年,sci
543,544,44,F,other,29464,中年,oth
544,545,27,M,technician,08052,青年,tec
545,546,36,M,executive,22911,中年,exe
546,547,50,M,educator,14534,中年,edu
547,548,51,M,writer,95468,中年,wri
548,549,42,M,scientist,45680,中年,sci
549,550,16,F,student,95453,青年,stu
550,551,25,M,programmer,55414,青年,pro
551,552,45,M,other,68147,中年,oth
552,553,58,M,educator,62901,老年,edu
553,554,32,M,scientist,62901,中年,sci
554,555,29,F,educator,23227,青年,edu
555,556,35,F,educator,30606,中年,edu
556,557,30,F,writer,11217,中年,wri
557,558,56,F,writer,63132,老年,wri
558,559,69,M,executive,10022,老年,exe
559,560,32,M,student,10003,中年,stu
560,561,23,M,engineer,60005,青年,eng
561,562,54,F,administrator,20879,中年,adm
562,563,39,F,librarian,32707,中年,lib
563,564,65,M,retired,94591,老年,ret
564,565,40,M,student,55422,中年,stu
565,566,20,M,student,14627,青年,stu
566,567,24,M,entertainment,10003,青年,ent
567,568,39,M,educator,01915,中年,edu
568,569,34,M,educator,91903,中年,edu
569,570,26,M,educator,14627,青年,edu
570,571,34,M,artist,01945,中年,art
571,572,51,M,educator,20003,中年,edu
572,573,68,M,retired,48911,老年,ret
573,574,56,M,educator,53188,老年,edu
574,575,33,M,marketing,46032,中年,mar
575,576,48,M,executive,98281,中年,exe
576,577,36,F,student,77845,中年,stu
577,578,31,M,administrator,M7A1A,中年,adm
578,579,32,M,educator,48103,中年,edu
579,580,16,M,student,17961,青年,stu
580,581,37,M,other,94131,中年,oth
581,582,17,M,student,93003,青年,stu
582,583,44,M,engineer,29631,中年,eng
583,584,25,M,student,27511,青年,stu
584,585,69,M,librarian,98501,老年,lib
585,586,20,M,student,79508,青年,stu
586,587,26,M,other,14216,青年,oth
587,588,18,F,student,93063,青年,stu
588,589,21,M,lawyer,90034,青年,law
589,590,50,M,educator,82435,中年,edu
590,591,57,F,librarian,92093,老年,lib
591,592,18,M,student,97520,青年,stu
592,593,31,F,educator,68767,中年,edu
593,594,46,M,educator,M4J2K,中年,edu
594,595,25,M,programmer,31909,青年,pro
595,596,20,M,artist,77073,青年,art
596,597,23,M,other,84116,青年,oth
597,598,40,F,marketing,43085,中年,mar
598,599,22,F,student,R3T5K,青年,stu
599,600,34,M,programmer,02320,中年,pro
600,601,19,F,artist,99687,青年,art
601,602,47,F,other,34656,中年,oth
602,603,21,M,programmer,47905,青年,pro
603,604,39,M,educator,11787,中年,edu
604,605,33,M,engineer,33716,中年,eng
605,606,28,M,programmer,63044,青年,pro
606,607,49,F,healthcare,02154,中年,hea
607,608,22,M,other,10003,青年,oth
608,609,13,F,student,55106,青少年,stu
609,610,22,M,student,21227,青年,stu
610,611,46,M,librarian,77008,中年,lib
611,612,36,M,educator,79070,中年,edu
612,613,37,F,marketing,29678,中年,mar
613,614,54,M,educator,80227,中年,edu
614,615,38,M,educator,27705,中年,edu
615,616,55,M,scientist,50613,老年,sci
616,617,27,F,writer,11201,青年,wri
617,618,15,F,student,44212,青年,stu
618,619,17,M,student,44134,青年,stu
619,620,18,F,writer,81648,青年,wri
620,621,17,M,student,60402,青年,stu
621,622,25,M,programmer,14850,青年,pro
622,623,50,F,educator,60187,中年,edu
623,624,19,M,student,30067,青年,stu
624,625,27,M,programmer,20723,青年,pro
625,626,23,M,scientist,19807,青年,sci
626,627,24,M,engineer,08034,青年,eng
627,628,13,M,none,94306,青少年,non
628,629,46,F,other,44224,中年,oth
629,630,26,F,healthcare,55408,青年,hea
630,631,18,F,student,38866,青年,stu
631,632,18,M,student,55454,青年,stu
632,633,35,M,programmer,55414,中年,pro
633,634,39,M,engineer,T8H1N,中年,eng
634,635,22,M,other,23237,青年,oth
635,636,47,M,educator,48043,中年,edu
636,637,30,M,other,74101,中年,oth
637,638,45,M,engineer,01940,中年,eng
638,639,42,F,librarian,12065,中年,lib
639,640,20,M,student,61801,青年,stu
640,641,24,M,student,60626,青年,stu
641,642,18,F,student,95521,青年,stu
642,643,39,M,scientist,55122,中年,sci
643,644,51,M,retired,63645,中年,ret
644,645,27,M,programmer,53211,青年,pro
645,646,17,F,student,51250,青年,stu
646,647,40,M,educator,45810,中年,edu
647,648,43,M,engineer,91351,中年,eng
648,649,20,M,student,39762,青年,stu
649,650,42,M,engineer,83814,中年,eng
650,651,65,M,retired,02903,老年,ret
651,652,35,M,other,22911,中年,oth
652,653,31,M,executive,55105,中年,exe
653,654,27,F,student,78739,青年,stu
654,655,50,F,healthcare,60657,中年,hea
655,656,48,M,educator,10314,中年,edu
656,657,26,F,none,78704,青年,non
657,658,33,M,programmer,92626,中年,pro
658,659,31,M,educator,54248,中年,edu
659,660,26,M,student,77380,青年,stu
660,661,28,M,programmer,98121,青年,pro
661,662,55,M,librarian,19102,老年,lib
662,663,26,M,other,19341,青年,oth
663,664,30,M,engineer,94115,中年,eng
664,665,25,M,administrator,55412,青年,adm
665,666,44,M,administrator,61820,中年,adm
666,667,35,M,librarian,01970,中年,lib
667,668,29,F,writer,10016,青年,wri
668,669,37,M,other,20009,中年,oth
669,670,30,M,technician,21114,中年,tec
670,671,21,M,programmer,91919,青年,pro
671,672,54,F,administrator,90095,中年,adm
672,673,51,M,educator,22906,中年,edu
673,674,13,F,student,55337,青少年,stu
674,675,34,M,other,28814,中年,oth
675,676,30,M,programmer,32712,中年,pro
676,677,20,M,other,99835,青年,oth
677,678,50,M,educator,61462,中年,edu
678,679,20,F,student,54302,青年,stu
679,680,33,M,lawyer,90405,中年,law
680,681,44,F,marketing,97208,中年,mar
681,682,23,M,programmer,55128,青年,pro
682,683,42,M,librarian,23509,中年,lib
683,684,28,M,student,55414,青年,stu
684,685,32,F,librarian,55409,中年,lib
685,686,32,M,educator,26506,中年,edu
686,687,31,F,healthcare,27713,中年,hea
687,688,37,F,administrator,60476,中年,adm
688,689,25,M,other,45439,青年,oth
689,690,35,M,salesman,63304,中年,sal
690,691,34,M,educator,60089,中年,edu
691,692,34,M,engineer,18053,中年,eng
692,693,43,F,healthcare,85210,中年,hea
693,694,60,M,programmer,06365,老年,pro
694,695,26,M,writer,38115,青年,wri
695,696,55,M,other,94920,老年,oth
696,697,25,M,other,77042,青年,oth
697,698,28,F,programmer,06906,青年,pro
698,699,44,M,other,96754,中年,oth
699,700,17,M,student,76309,青年,stu
700,701,51,F,librarian,56321,中年,lib
701,702,37,M,other,89104,中年,oth
702,703,26,M,educator,49512,青年,edu
703,704,51,F,librarian,91105,中年,lib
704,705,21,F,student,54494,青年,stu
705,706,23,M,student,55454,青年,stu
706,707,56,F,librarian,19146,老年,lib
707,708,26,F,homemaker,96349,青年,hom
708,709,21,M,other,N4T1A,青年,oth
709,710,19,M,student,92020,青年,stu
710,711,22,F,student,15203,青年,stu
711,712,22,F,student,54901,青年,stu
712,713,42,F,other,07204,中年,oth
713,714,26,M,engineer,55343,青年,eng
714,715,21,M,technician,91206,青年,tec
715,716,36,F,administrator,44265,中年,adm
716,717,24,M,technician,84105,青年,tec
717,718,42,M,technician,64118,中年,tec
718,719,37,F,other,V0R2H,中年,oth
719,720,49,F,administrator,16506,中年,adm
720,721,24,F,entertainment,11238,青年,ent
721,722,50,F,homemaker,17331,中年,hom
722,723,26,M,executive,94403,青年,exe
723,724,31,M,executive,40243,中年,exe
724,725,21,M,student,91711,青年,stu
725,726,25,F,administrator,80538,青年,adm
726,727,25,M,student,78741,青年,stu
727,728,58,M,executive,94306,老年,exe
728,729,19,M,student,56567,青年,stu
729,730,31,F,scientist,32114,中年,sci
730,731,41,F,educator,70403,中年,edu
731,732,28,F,other,98405,青年,oth
732,733,44,F,other,60630,中年,oth
733,734,25,F,other,63108,青年,oth
734,735,29,F,healthcare,85719,青年,hea
735,736,48,F,writer,94618,中年,wri
736,737,30,M,programmer,98072,中年,pro
737,738,35,M,technician,95403,中年,tec
738,739,35,M,technician,73162,中年,tec
739,740,25,F,educator,22206,青年,edu
740,741,25,M,writer,63108,青年,wri
741,742,35,M,student,29210,中年,stu
742,743,31,M,programmer,92660,中年,pro
743,744,35,M,marketing,47024,中年,mar
744,745,42,M,writer,55113,中年,wri
745,746,25,M,engineer,19047,青年,eng
746,747,19,M,other,93612,青年,oth
747,748,28,M,administrator,94720,青年,adm
748,749,33,M,other,80919,中年,oth
749,750,28,M,administrator,32303,青年,adm
750,751,24,F,other,90034,青年,oth
751,752,60,M,retired,21201,老年,ret
752,753,56,M,salesman,91206,老年,sal
753,754,59,F,librarian,62901,老年,lib
754,755,44,F,educator,97007,中年,edu
755,756,30,F,none,90247,中年,non
756,757,26,M,student,55104,青年,stu
757,758,27,M,student,53706,青年,stu
758,759,20,F,student,68503,青年,stu
759,760,35,F,other,14211,中年,oth
760,761,17,M,student,97302,青年,stu
761,762,32,M,administrator,95050,中年,adm
762,763,27,M,scientist,02113,青年,sci
763,764,27,F,educator,62903,青年,edu
764,765,31,M,student,33066,中年,stu
765,766,42,M,other,10960,中年,oth
766,767,70,M,engineer,00000,老年,eng
767,768,29,M,administrator,12866,青年,adm
768,769,39,M,executive,06927,中年,exe
769,770,28,M,student,14216,青年,stu
770,771,26,M,student,15232,青年,stu
771,772,50,M,writer,27105,中年,wri
772,773,20,M,student,55414,青年,stu
773,774,30,M,student,80027,中年,stu
774,775,46,M,executive,90036,中年,exe
775,776,30,M,librarian,51157,中年,lib
776,777,63,M,programmer,01810,老年,pro
777,778,34,M,student,01960,中年,stu
778,779,31,M,student,K7L5J,中年,stu
779,780,49,M,programmer,94560,中年,pro
780,781,20,M,student,48825,青年,stu
781,782,21,F,artist,33205,青年,art
782,783,30,M,marketing,77081,中年,mar
783,784,47,M,administrator,91040,中年,adm
784,785,32,M,engineer,23322,中年,eng
785,786,36,F,engineer,01754,中年,eng
786,787,18,F,student,98620,青年,stu
787,788,51,M,administrator,05779,中年,adm
788,789,29,M,other,55420,青年,oth
789,790,27,M,technician,80913,青年,tec
790,791,31,M,educator,20064,中年,edu
791,792,40,M,programmer,12205,中年,pro
792,793,22,M,student,85281,青年,stu
793,794,32,M,educator,57197,中年,edu
794,795,30,M,programmer,08610,中年,pro
795,796,32,F,writer,33755,中年,wri
796,797,44,F,other,62522,中年,oth
797,798,40,F,writer,64131,中年,wri
798,799,49,F,administrator,19716,中年,adm
799,800,25,M,programmer,55337,青年,pro
800,801,22,M,writer,92154,青年,wri
801,802,35,M,administrator,34105,中年,adm
802,803,70,M,administrator,78212,老年,adm
803,804,39,M,educator,61820,中年,edu
804,805,27,F,other,20009,青年,oth
805,806,27,M,marketing,11217,青年,mar
806,807,41,F,healthcare,93555,中年,hea
807,808,45,M,salesman,90016,中年,sal
808,809,50,F,marketing,30803,中年,mar
809,810,55,F,other,80526,老年,oth
810,811,40,F,educator,73013,中年,edu
811,812,22,M,technician,76234,青年,tec
812,813,14,F,student,02136,青年,stu
813,814,30,M,other,12345,中年,oth
814,815,32,M,other,28806,中年,oth
815,816,34,M,other,20755,中年,oth
816,817,19,M,student,60152,青年,stu
817,818,28,M,librarian,27514,青年,lib
818,819,59,M,administrator,40205,老年,adm
819,820,22,M,student,37725,青年,stu
820,821,37,M,engineer,77845,中年,eng
821,822,29,F,librarian,53144,青年,lib
822,823,27,M,artist,50322,青年,art
823,824,31,M,other,15017,中年,oth
824,825,44,M,engineer,05452,中年,eng
825,826,28,M,artist,77048,青年,art
826,827,23,F,engineer,80228,青年,eng
827,828,28,M,librarian,85282,青年,lib
828,829,48,M,writer,80209,中年,wri
829,830,46,M,programmer,53066,中年,pro
830,831,21,M,other,33765,青年,oth
831,832,24,M,technician,77042,青年,tec
832,833,34,M,writer,90019,中年,wri
833,834,26,M,other,64153,青年,oth
834,835,44,F,executive,11577,中年,exe
835,836,44,M,artist,10018,中年,art
836,837,36,F,artist,55409,中年,art
837,838,23,M,student,01375,青年,stu
838,839,38,F,entertainment,90814,中年,ent
839,840,39,M,artist,55406,中年,art
840,841,45,M,doctor,47401,中年,doc
841,842,40,M,writer,93055,中年,wri
842,843,35,M,librarian,44212,中年,lib
843,844,22,M,engineer,95662,青年,eng
844,845,64,M,doctor,97405,老年,doc
845,846,27,M,lawyer,47130,青年,law
846,847,29,M,student,55417,青年,stu
847,848,46,M,engineer,02146,中年,eng
848,849,15,F,student,25652,青年,stu
849,850,34,M,technician,78390,中年,tec
850,851,18,M,other,29646,青年,oth
851,852,46,M,administrator,94086,中年,adm
852,853,49,M,writer,40515,中年,wri
853,854,29,F,student,55408,青年,stu
854,855,53,M,librarian,04988,中年,lib
855,856,43,F,marketing,97215,中年,mar
856,857,35,F,administrator,V1G4L,中年,adm
857,858,63,M,educator,09645,老年,edu
858,859,18,F,other,06492,青年,oth
859,860,70,F,retired,48322,老年,ret
860,861,38,F,student,14085,中年,stu
861,862,25,M,executive,13820,青年,exe
862,863,17,M,student,60089,青年,stu
863,864,27,M,programmer,63021,青年,pro
864,865,25,M,artist,11231,青年,art
865,866,45,M,other,60302,中年,oth
866,867,24,M,scientist,92507,青年,sci
867,868,21,M,programmer,55303,青年,pro
868,869,30,M,student,10025,中年,stu
869,870,22,M,student,65203,青年,stu
870,871,31,M,executive,44648,中年,exe
871,872,19,F,student,74078,青年,stu
872,873,48,F,administrator,33763,中年,adm
873,874,36,M,scientist,37076,中年,sci
874,875,24,F,student,35802,青年,stu
875,876,41,M,other,20902,中年,oth
876,877,30,M,other,77504,中年,oth
877,878,50,F,educator,98027,中年,edu
878,879,33,F,administrator,55337,中年,adm
879,880,13,M,student,83702,青少年,stu
880,881,39,M,marketing,43017,中年,mar
881,882,35,M,engineer,40503,中年,eng
882,883,49,M,librarian,50266,中年,lib
883,884,44,M,engineer,55337,中年,eng
884,885,30,F,other,95316,中年,oth
885,886,20,M,student,61820,青年,stu
886,887,14,F,student,27249,青年,stu
887,888,41,M,scientist,17036,中年,sci
888,889,24,M,technician,78704,青年,tec
889,890,32,M,student,97301,中年,stu
890,891,51,F,administrator,03062,中年,adm
891,892,36,M,other,45243,中年,oth
892,893,25,M,student,95823,青年,stu
893,894,47,M,educator,74075,中年,edu
894,895,31,F,librarian,32301,中年,lib
895,896,28,M,writer,91505,青年,wri
896,897,30,M,other,33484,中年,oth
897,898,23,M,homemaker,61755,青年,hom
898,899,32,M,other,55116,中年,oth
899,900,60,M,retired,18505,老年,ret
900,901,38,M,executive,L1V3W,中年,exe
901,902,45,F,artist,97203,中年,art
902,903,28,M,educator,20850,青年,edu
903,904,17,F,student,61073,青年,stu
904,905,27,M,other,30350,青年,oth
905,906,45,M,librarian,70124,中年,lib
906,907,25,F,other,80526,青年,oth
907,908,44,F,librarian,68504,中年,lib
908,909,50,F,educator,53171,中年,edu
909,910,28,M,healthcare,29301,青年,hea
910,911,37,F,writer,53210,中年,wri
911,912,51,M,other,06512,中年,oth
912,913,27,M,student,76201,青年,stu
913,914,44,F,other,08105,中年,oth
914,915,50,M,entertainment,60614,中年,ent
915,916,27,M,engineer,N2L5N,青年,eng
916,917,22,F,student,20006,青年,stu
917,918,40,M,scientist,70116,中年,sci
918,919,25,M,other,14216,青年,oth
919,920,30,F,artist,90008,中年,art
920,921,20,F,student,98801,青年,stu
921,922,29,F,administrator,21114,青年,adm
922,923,21,M,student,E2E3R,青年,stu
923,924,29,M,other,11753,青年,oth
924,925,18,F,salesman,49036,青年,sal
925,926,49,M,entertainment,01701,中年,ent
926,927,23,M,programmer,55428,青年,pro
927,928,21,M,student,55408,青年,stu
928,929,44,M,scientist,53711,中年,sci
929,930,28,F,scientist,07310,青年,sci
930,931,60,M,educator,33556,老年,edu
931,932,58,M,educator,06437,老年,edu
932,933,28,M,student,48105,青年,stu
933,934,61,M,engineer,22902,老年,eng
934,935,42,M,doctor,66221,中年,doc
935,936,24,M,other,32789,青年,oth
936,937,48,M,educator,98072,中年,edu
937,938,38,F,technician,55038,中年,tec
938,939,26,F,student,33319,青年,stu
939,940,32,M,administrator,02215,中年,adm
940,941,20,M,student,97229,青年,stu
941,942,48,F,librarian,78209,中年,lib
942,943,22,M,student,77841,青年,stu
